{
  "horizon": "t+0",
  "rmse": 16.817137124796798,
  "mae": 4.443687915802002,
  "r2": 0.9780594706535339,
  "n_train": 372290,
  "n_test": 206063,
  "baseline_rmse": 20.175001119355993,
  "baseline_mae": 3.361952304840088,
  "model_type": "lstm",
  "n_features": 10,
  "feature_columns": [
    "co",
    "no2",
    "temperature",
    "humidity",
    "aqi_lag_1",
    "aqi_lag_3",
    "aqi_lag_6",
    "aqi_roll_mean_3",
    "aqi_roll_mean_6",
    "hour_of_day"
  ],
  "sequence_length": 12,
  "epochs": 5
}